,Month,Year,UNRATE,GDP,CPI,President,Party
0,January,1948,3.4,265.742,23.68,Harry S Truman,Democratic
2,February,1948,3.8,268.017,23.67,Harry S Truman,Democratic
4,March,1948,4.0,270.29200000000003,23.5,Harry S Truman,Democratic
6,April,1948,3.9,272.567,23.82,Harry S Truman,Democratic
8,May,1948,3.5,274.7766666666667,24.01,Harry S Truman,Democratic
10,June,1948,3.6,276.98633333333333,24.15,Harry S Truman,Democratic
12,July,1948,3.6,279.196,24.4,Harry S Truman,Democratic
14,August,1948,3.9,279.586,24.43,Harry S Truman,Democratic
16,September,1948,3.8,279.976,24.36,Harry S Truman,Democratic
18,October,1948,3.7,280.366,24.31,Harry S Truman,Democratic
20,November,1948,3.8,278.58866666666665,24.16,Harry S Truman,Democratic
22,December,1948,4.0,276.8113333333333,24.05,Harry S Truman,Democratic
24,January,1949,4.3,275.034,24.01,Harry S Truman,Democratic
26,February,1949,4.7,273.8063333333333,23.91,Harry S Truman,Democratic
28,March,1949,5.0,272.57866666666666,23.91,Harry S Truman,Democratic
30,April,1949,5.3,271.351,23.92,Harry S Truman,Democratic
32,May,1949,6.1,271.8636666666667,23.91,Harry S Truman,Democratic
34,June,1949,6.2,272.3763333333333,23.92,Harry S Truman,Democratic
36,July,1949,6.7,272.889,23.7,Harry S Truman,Democratic
38,August,1949,6.8,272.135,23.7,Harry S Truman,Democratic
40,September,1949,6.6,271.38100000000003,23.75,Harry S Truman,Democratic
42,October,1949,7.9,270.627,23.67,Harry S Truman,Democratic
44,November,1949,6.4,274.02733333333333,23.7,Harry S Truman,Democratic
46,December,1949,6.6,277.42766666666665,23.61,Harry S Truman,Democratic
48,January,1950,6.5,280.828,23.51,Harry S Truman,Democratic
50,February,1950,6.4,284.013,23.61,Harry S Truman,Democratic
52,March,1950,6.3,287.198,23.64,Harry S Truman,Democratic
54,April,1950,5.8,290.383,23.65,Harry S Truman,Democratic
56,May,1950,5.5,296.3063333333333,23.77,Harry S Truman,Democratic
58,June,1950,5.4,302.2296666666667,23.88,Harry S Truman,Democratic
60,July,1950,5.0,308.153,24.07,Harry S Truman,Democratic
62,August,1950,4.5,312.08366666666666,24.2,Harry S Truman,Democratic
64,September,1950,4.4,316.01433333333335,24.34,Harry S Truman,Democratic
66,October,1950,4.2,319.945,24.5,Harry S Truman,Democratic
68,November,1950,4.2,325.2966666666667,24.6,Harry S Truman,Democratic
70,December,1950,4.3,330.6483333333333,24.98,Harry S Truman,Democratic
72,January,1951,3.7,336.0,25.38,Harry S Truman,Democratic
74,February,1951,3.4,338.69666666666666,25.83,Harry S Truman,Democratic
76,March,1951,3.4,341.3933333333333,25.88,Harry S Truman,Democratic
78,April,1951,3.1,344.09,25.92,Harry S Truman,Democratic
80,May,1951,3.0,346.52166666666665,25.99,Harry S Truman,Democratic
82,June,1951,3.2,348.9533333333333,25.93,Harry S Truman,Democratic
84,July,1951,3.1,351.385,25.91,Harry S Truman,Democratic
86,August,1951,3.1,352.98266666666666,25.86,Harry S Truman,Democratic
88,September,1951,3.3,354.58033333333333,26.03,Harry S Truman,Democratic
90,October,1951,3.5,356.178,26.16,Harry S Truman,Democratic
92,November,1951,3.5,357.392,26.32,Harry S Truman,Democratic
94,December,1951,3.1,358.606,26.47,Harry S Truman,Democratic
96,January,1952,3.2,359.82,26.45,Harry S Truman,Democratic
98,February,1952,3.1,360.2233333333333,26.41,Harry S Truman,Democratic
100,March,1952,2.9,360.62666666666667,26.39,Harry S Truman,Democratic
102,April,1952,2.9,361.03,26.46,Harry S Truman,Democratic
104,May,1952,3.0,363.2536666666667,26.47,Harry S Truman,Democratic
106,June,1952,3.0,365.4773333333333,26.53,Harry S Truman,Democratic
108,July,1952,3.2,367.701,26.68,Harry S Truman,Democratic
110,August,1952,3.4,372.07133333333337,26.69,Harry S Truman,Democratic
112,September,1952,3.1,376.44166666666666,26.63,Harry S Truman,Democratic
114,October,1952,3.0,380.812,26.69,Harry S Truman,Democratic
116,November,1952,2.8,383.20133333333337,26.69,Harry S Truman,Democratic
118,December,1952,2.7,385.59066666666666,26.71,Harry S Truman,Democratic
120,January,1953,2.9,387.98,26.64,Dwight D Eisenhower,Democratic
122,January,1953,2.9,387.98,26.64,Dwight D Eisenhower,Republican
124,February,1953,2.6,389.23633333333333,26.59,Dwight D Eisenhower,Republican
126,March,1953,2.6,390.4926666666667,26.63,Dwight D Eisenhower,Republican
128,April,1953,2.7,391.749,26.69,Dwight D Eisenhower,Republican
130,May,1953,2.5,391.5563333333333,26.7,Dwight D Eisenhower,Republican
132,June,1953,2.5,391.3636666666667,26.77,Dwight D Eisenhower,Republican
134,July,1953,2.6,391.171,26.79,Dwight D Eisenhower,Republican
136,August,1953,2.7,389.43733333333336,26.85,Dwight D Eisenhower,Republican
138,September,1953,2.9,387.70366666666666,26.89,Dwight D Eisenhower,Republican
140,October,1953,3.1,385.97,26.95,Dwight D Eisenhower,Republican
142,November,1953,3.5,385.7616666666667,26.85,Dwight D Eisenhower,Republican
144,December,1953,4.5,385.55333333333334,26.87,Dwight D Eisenhower,Republican
146,January,1954,4.9,385.345,26.94,Dwight D Eisenhower,Republican
148,February,1954,5.2,385.6036666666667,26.99,Dwight D Eisenhower,Republican
150,March,1954,5.7,385.8623333333333,26.93,Dwight D Eisenhower,Republican
152,April,1954,5.9,386.121,26.86,Dwight D Eisenhower,Republican
154,May,1954,5.9,387.746,26.93,Dwight D Eisenhower,Republican
156,June,1954,5.6,389.371,26.94,Dwight D Eisenhower,Republican
158,July,1954,5.8,390.996,26.86,Dwight D Eisenhower,Republican
160,August,1954,6.0,393.90866666666665,26.85,Dwight D Eisenhower,Republican
162,September,1954,6.1,396.8213333333333,26.81,Dwight D Eisenhower,Republican
164,October,1954,5.7,399.734,26.72,Dwight D Eisenhower,Republican
166,November,1954,5.3,404.1803333333333,26.78,Dwight D Eisenhower,Republican
168,December,1954,5.0,408.62666666666667,26.77,Dwight D Eisenhower,Republican
170,January,1955,4.9,413.073,26.77,Dwight D Eisenhower,Republican
172,February,1955,4.7,415.8926666666666,26.82,Dwight D Eisenhower,Republican
174,March,1955,4.6,418.71233333333333,26.79,Dwight D Eisenhower,Republican
176,April,1955,4.7,421.532,26.79,Dwight D Eisenhower,Republican
178,May,1955,4.3,424.42833333333334,26.77,Dwight D Eisenhower,Republican
180,June,1955,4.2,427.32466666666664,26.71,Dwight D Eisenhower,Republican
182,July,1955,4.0,430.221,26.76,Dwight D Eisenhower,Republican
184,August,1955,4.2,432.5113333333333,26.72,Dwight D Eisenhower,Republican
186,September,1955,4.1,434.8016666666667,26.85,Dwight D Eisenhower,Republican
188,October,1955,4.3,437.092,26.82,Dwight D Eisenhower,Republican
190,November,1955,4.2,437.97666666666663,26.88,Dwight D Eisenhower,Republican
192,December,1955,4.2,438.86133333333333,26.87,Dwight D Eisenhower,Republican
194,January,1956,4.0,439.746,26.83,Dwight D Eisenhower,Republican
196,February,1956,3.9,441.834,26.86,Dwight D Eisenhower,Republican
198,March,1956,4.2,443.92199999999997,26.89,Dwight D Eisenhower,Republican
200,April,1956,4.0,446.01,26.93,Dwight D Eisenhower,Republican
202,May,1956,4.3,447.73699999999997,27.03,Dwight D Eisenhower,Republican
204,June,1956,4.3,449.464,27.15,Dwight D Eisenhower,Republican
206,July,1956,4.4,451.191,27.29,Dwight D Eisenhower,Republican
208,August,1956,4.1,454.28166666666664,27.31,Dwight D Eisenhower,Republican
210,September,1956,3.9,457.37233333333336,27.35,Dwight D Eisenhower,Republican
212,October,1956,3.9,460.463,27.51,Dwight D Eisenhower,Republican
214,November,1956,4.3,463.5683333333333,27.51,Dwight D Eisenhower,Republican
216,December,1956,4.2,466.6736666666667,27.63,Dwight D Eisenhower,Republican
218,January,1957,4.2,469.779,27.67,Dwight D Eisenhower,Republican
220,February,1957,3.9,470.5276666666667,27.8,Dwight D Eisenhower,Republican
222,March,1957,3.7,471.2763333333333,27.86,Dwight D Eisenhower,Republican
224,April,1957,3.9,472.025,27.93,Dwight D Eisenhower,Republican
226,May,1957,4.1,474.5133333333333,28.0,Dwight D Eisenhower,Republican
228,June,1957,4.3,477.00166666666667,28.11,Dwight D Eisenhower,Republican
230,July,1957,4.2,479.49,28.19,Dwight D Eisenhower,Republican
232,August,1957,4.1,477.948,28.28,Dwight D Eisenhower,Republican
234,September,1957,4.4,476.406,28.32,Dwight D Eisenhower,Republican
236,October,1957,4.5,474.864,28.32,Dwight D Eisenhower,Republican
238,November,1957,5.1,472.42266666666666,28.41,Dwight D Eisenhower,Republican
240,December,1957,5.2,469.98133333333334,28.47,Dwight D Eisenhower,Republican
242,January,1958,5.8,467.54,28.64,Dwight D Eisenhower,Republican
244,February,1958,6.4,469.01933333333335,28.7,Dwight D Eisenhower,Republican
246,March,1958,6.7,470.4986666666667,28.87,Dwight D Eisenhower,Republican
248,April,1958,7.4,471.978,28.94,Dwight D Eisenhower,Republican
250,May,1958,7.4,476.599,28.94,Dwight D Eisenhower,Republican
252,June,1958,7.3,481.22,28.91,Dwight D Eisenhower,Republican
254,July,1958,7.5,485.841,28.89,Dwight D Eisenhower,Republican
256,August,1958,7.4,490.4123333333333,28.94,Dwight D Eisenhower,Republican
258,September,1958,7.1,494.9836666666667,28.91,Dwight D Eisenhower,Republican
260,October,1958,6.7,499.555,28.91,Dwight D Eisenhower,Republican
262,November,1958,6.2,503.14666666666665,28.95,Dwight D Eisenhower,Republican
264,December,1958,6.2,506.73833333333334,28.97,Dwight D Eisenhower,Republican
266,January,1959,6.0,510.33,29.01,Dwight D Eisenhower,Republican
268,February,1959,5.9,514.4376666666667,29.0,Dwight D Eisenhower,Republican
270,March,1959,5.6,518.5453333333334,28.97,Dwight D Eisenhower,Republican
272,April,1959,5.2,522.653,28.98,Dwight D Eisenhower,Republican
274,May,1959,5.1,523.4466666666667,29.04,Dwight D Eisenhower,Republican
276,June,1959,5.0,524.2403333333333,29.11,Dwight D Eisenhower,Republican
278,July,1959,5.1,525.034,29.15,Dwight D Eisenhower,Republican
280,August,1959,5.2,526.2226666666667,29.18,Dwight D Eisenhower,Republican
282,September,1959,5.5,527.4113333333333,29.25,Dwight D Eisenhower,Republican
284,October,1959,5.7,528.6,29.35,Dwight D Eisenhower,Republican
286,November,1959,5.8,533.2826666666667,29.35,Dwight D Eisenhower,Republican
288,December,1959,5.3,537.9653333333333,29.41,Dwight D Eisenhower,Republican
290,January,1960,5.2,542.648,29.37,Dwight D Eisenhower,Republican
292,February,1960,4.8,542.1253333333334,29.41,Dwight D Eisenhower,Republican
294,March,1960,5.4,541.6026666666667,29.41,Dwight D Eisenhower,Republican
296,April,1960,5.2,541.08,29.54,Dwight D Eisenhower,Republican
298,May,1960,5.1,542.5880000000001,29.57,Dwight D Eisenhower,Republican
300,June,1960,5.4,544.096,29.61,Dwight D Eisenhower,Republican
302,July,1960,5.5,545.604,29.55,Dwight D Eisenhower,Republican
304,August,1960,5.6,543.8016666666667,29.61,Dwight D Eisenhower,Republican
306,September,1960,5.5,541.9993333333333,29.61,Dwight D Eisenhower,Republican
308,October,1960,6.1,540.197,29.75,Dwight D Eisenhower,Republican
310,November,1960,6.1,541.804,29.78,Dwight D Eisenhower,Republican
312,December,1960,6.6,543.4110000000001,29.81,Dwight D Eisenhower,Republican
314,January,1961,6.6,545.018,29.84,John F Kennedy,Republican
316,January,1961,6.6,545.018,29.84,John F Kennedy,Democratic
317,February,1961,6.9,548.527,29.84,John F Kennedy,Democratic
318,March,1961,6.9,552.036,29.84,John F Kennedy,Democratic
319,April,1961,7.0,555.545,29.81,John F Kennedy,Democratic
320,May,1961,7.1,559.5846666666666,29.84,John F Kennedy,Democratic
321,June,1961,6.9,563.6243333333333,29.84,John F Kennedy,Democratic
322,July,1961,7.0,567.664,29.92,John F Kennedy,Democratic
323,August,1961,6.6,571.98,29.94,John F Kennedy,Democratic
324,September,1961,6.7,576.2959999999999,29.98,John F Kennedy,Democratic
325,October,1961,6.5,580.612,29.98,John F Kennedy,Democratic
326,November,1961,6.1,585.079,29.98,John F Kennedy,Democratic
327,December,1961,6.0,589.546,30.01,John F Kennedy,Democratic
328,January,1962,5.8,594.013,30.04,John F Kennedy,Democratic
329,February,1962,5.5,596.1306666666667,30.11,John F Kennedy,Democratic
330,March,1962,5.6,598.2483333333333,30.17,John F Kennedy,Democratic
331,April,1962,5.6,600.366,30.21,John F Kennedy,Democratic
332,May,1962,5.5,603.253,30.24,John F Kennedy,Democratic
333,June,1962,5.5,606.14,30.21,John F Kennedy,Democratic
334,July,1962,5.4,609.027,30.22,John F Kennedy,Democratic
335,August,1962,5.7,610.1113333333334,30.28,John F Kennedy,Democratic
336,September,1962,5.6,611.1956666666666,30.42,John F Kennedy,Democratic
337,October,1962,5.4,612.28,30.38,John F Kennedy,Democratic
338,November,1962,5.7,615.4106666666667,30.38,John F Kennedy,Democratic
339,December,1962,5.5,618.5413333333333,30.38,John F Kennedy,Democratic
340,January,1963,5.7,621.672,30.44,John F Kennedy,Democratic
341,February,1963,5.9,624.3653333333333,30.48,John F Kennedy,Democratic
342,March,1963,5.7,627.0586666666667,30.51,John F Kennedy,Democratic
343,April,1963,5.7,629.752,30.48,John F Kennedy,Democratic
344,May,1963,5.9,634.6493333333333,30.51,John F Kennedy,Democratic
345,June,1963,5.6,639.5466666666666,30.61,John F Kennedy,Democratic
346,July,1963,5.6,644.444,30.69,John F Kennedy,Democratic
347,August,1963,5.4,647.6086666666666,30.75,John F Kennedy,Democratic
348,September,1963,5.5,650.7733333333333,30.72,John F Kennedy,Democratic
349,October,1963,5.5,653.938,30.75,John F Kennedy,Democratic
350,November,1963,5.7,659.2326666666667,30.78,Lyndon B Johnson,Democratic
353,December,1963,5.5,664.5273333333333,30.88,Lyndon B Johnson,Democratic
355,January,1964,5.6,669.822,30.94,Lyndon B Johnson,Democratic
357,February,1964,5.4,672.7726666666666,30.91,Lyndon B Johnson,Democratic
359,March,1964,5.4,675.7233333333334,30.94,Lyndon B Johnson,Democratic
361,April,1964,5.3,678.674,30.95,Lyndon B Johnson,Democratic
363,May,1964,5.1,683.1263333333333,30.98,Lyndon B Johnson,Democratic
365,June,1964,5.2,687.5786666666667,31.01,Lyndon B Johnson,Democratic
367,July,1964,4.9,692.031,31.02,Lyndon B Johnson,Democratic
369,August,1964,5.0,693.7936666666666,31.05,Lyndon B Johnson,Democratic
371,September,1964,5.1,695.5563333333333,31.08,Lyndon B Johnson,Democratic
373,October,1964,5.1,697.319,31.12,Lyndon B Johnson,Democratic
375,November,1964,4.8,704.1426666666666,31.21,Lyndon B Johnson,Democratic
377,December,1964,5.0,710.9663333333333,31.25,Lyndon B Johnson,Democratic
379,January,1965,4.9,717.79,31.28,Lyndon B Johnson,Democratic
381,February,1965,5.1,721.9236666666667,31.28,Lyndon B Johnson,Democratic
383,March,1965,4.7,726.0573333333333,31.31,Lyndon B Johnson,Democratic
385,April,1965,4.8,730.191,31.38,Lyndon B Johnson,Democratic
387,May,1965,4.6,736.5683333333334,31.48,Lyndon B Johnson,Democratic
389,June,1965,4.6,742.9456666666666,31.61,Lyndon B Johnson,Democratic
391,July,1965,4.4,749.323,31.58,Lyndon B Johnson,Democratic
393,August,1965,4.4,756.8343333333333,31.55,Lyndon B Johnson,Democratic
395,September,1965,4.3,764.3456666666666,31.62,Lyndon B Johnson,Democratic
397,October,1965,4.2,771.857,31.65,Lyndon B Johnson,Democratic
399,November,1965,4.1,779.816,31.75,Lyndon B Johnson,Democratic
401,December,1965,4.0,787.775,31.85,Lyndon B Johnson,Democratic
403,January,1966,4.0,795.734,31.88,Lyndon B Johnson,Democratic
405,February,1966,3.8,798.8163333333333,32.08,Lyndon B Johnson,Democratic
407,March,1966,3.8,801.8986666666667,32.18,Lyndon B Johnson,Democratic
409,April,1966,3.8,804.981,32.28,Lyndon B Johnson,Democratic
411,May,1966,3.9,809.8666666666667,32.35,Lyndon B Johnson,Democratic
413,June,1966,3.8,814.7523333333334,32.38,Lyndon B Johnson,Democratic
415,July,1966,3.8,819.638,32.45,Lyndon B Johnson,Democratic
417,August,1966,3.8,824.1926666666667,32.65,Lyndon B Johnson,Democratic
419,September,1966,3.7,828.7473333333334,32.75,Lyndon B Johnson,Democratic
421,October,1966,3.7,833.302,32.85,Lyndon B Johnson,Democratic
423,November,1966,3.6,836.9246666666667,32.88,Lyndon B Johnson,Democratic
425,December,1966,3.8,840.5473333333333,32.92,Lyndon B Johnson,Democratic
427,January,1967,3.9,844.17,32.9,Lyndon B Johnson,Democratic
429,February,1967,3.8,845.7743333333333,33.0,Lyndon B Johnson,Democratic
431,March,1967,3.8,847.3786666666666,33.0,Lyndon B Johnson,Democratic
433,April,1967,3.8,848.983,33.1,Lyndon B Johnson,Democratic
435,May,1967,3.8,854.3996666666666,33.1,Lyndon B Johnson,Democratic
437,June,1967,3.9,859.8163333333333,33.3,Lyndon B Johnson,Democratic
439,July,1967,3.8,865.233,33.4,Lyndon B Johnson,Democratic
441,August,1967,3.8,870.635,33.5,Lyndon B Johnson,Democratic
443,September,1967,3.8,876.0369999999999,33.6,Lyndon B Johnson,Democratic
445,October,1967,4.0,881.439,33.7,Lyndon B Johnson,Democratic
447,November,1967,3.9,890.755,33.9,Lyndon B Johnson,Democratic
449,December,1967,3.8,900.0709999999999,34.0,Lyndon B Johnson,Democratic
451,January,1968,3.7,909.387,34.1,Lyndon B Johnson,Democratic
453,February,1968,3.8,917.706,34.2,Lyndon B Johnson,Democratic
455,March,1968,3.7,926.025,34.3,Lyndon B Johnson,Democratic
457,April,1968,3.5,934.344,34.4,Lyndon B Johnson,Democratic
459,May,1968,3.5,939.8376666666667,34.5,Lyndon B Johnson,Democratic
461,June,1968,3.7,945.3313333333334,34.7,Lyndon B Johnson,Democratic
463,July,1968,3.7,950.825,34.9,Lyndon B Johnson,Democratic
465,August,1968,3.5,956.5600000000001,35.0,Lyndon B Johnson,Democratic
467,September,1968,3.4,962.295,35.1,Lyndon B Johnson,Democratic
469,October,1968,3.4,968.03,35.3,Lyndon B Johnson,Democratic
471,November,1968,3.4,976.4656666666666,35.4,Lyndon B Johnson,Democratic
473,December,1968,3.4,984.9013333333334,35.6,Lyndon B Johnson,Democratic
475,January,1969,3.4,993.337,35.7,,Democratic
477,January,1969,3.4,993.337,35.7,Richard Nixon,Republican
481,February,1969,3.4,998.5646666666667,35.8,Richard Nixon,Republican
485,March,1969,3.4,1003.7923333333333,36.1,Richard Nixon,Republican
489,April,1969,3.4,1009.02,36.3,Richard Nixon,Republican
493,May,1969,3.4,1015.9986666666666,36.4,Richard Nixon,Republican
497,June,1969,3.5,1022.9773333333333,36.6,Richard Nixon,Republican
501,July,1969,3.5,1029.956,36.8,Richard Nixon,Republican
505,August,1969,3.5,1032.6863333333333,36.9,Richard Nixon,Republican
509,September,1969,3.7,1035.4166666666665,37.1,Richard Nixon,Republican
513,October,1969,3.7,1038.147,37.3,Richard Nixon,Republican
517,November,1969,3.5,1042.498,37.5,Richard Nixon,Republican
521,December,1969,3.5,1046.849,37.7,Richard Nixon,Republican
525,January,1970,3.9,1051.2,37.9,Richard Nixon,Republican
529,February,1970,4.2,1056.5916666666667,38.1,Richard Nixon,Republican
533,March,1970,4.4,1061.9833333333333,38.3,Richard Nixon,Republican
537,April,1970,4.6,1067.375,38.5,Richard Nixon,Republican
541,May,1970,4.8,1073.603,38.6,Richard Nixon,Republican
545,June,1970,4.9,1079.831,38.8,Richard Nixon,Republican
549,July,1970,5.0,1086.059,38.9,Richard Nixon,Republican
553,August,1970,5.1,1086.9086666666667,39.0,Richard Nixon,Republican
557,September,1970,5.4,1087.7583333333332,39.2,Richard Nixon,Republican
561,October,1970,5.5,1088.608,39.4,Richard Nixon,Republican
565,November,1970,5.9,1104.124,39.6,Richard Nixon,Republican
569,December,1970,6.1,1119.6399999999999,39.8,Richard Nixon,Republican
573,January,1971,5.9,1135.156,39.9,Richard Nixon,Republican
577,February,1971,5.9,1142.1943333333334,39.9,Richard Nixon,Republican
581,March,1971,6.0,1149.2326666666665,40.0,Richard Nixon,Republican
585,April,1971,5.9,1156.271,40.1,Richard Nixon,Republican
589,May,1971,5.9,1163.4056666666665,40.3,Richard Nixon,Republican
593,June,1971,5.9,1170.5403333333334,40.5,Richard Nixon,Republican
597,July,1971,6.0,1177.675,40.6,Richard Nixon,Republican
601,August,1971,6.1,1181.8823333333332,40.7,Richard Nixon,Republican
605,September,1971,6.0,1186.0896666666667,40.8,Richard Nixon,Republican
609,October,1971,5.8,1190.297,40.9,Richard Nixon,Republican
613,November,1971,6.0,1203.7343333333333,41.0,Richard Nixon,Republican
617,December,1971,6.0,1217.1716666666666,41.1,Richard Nixon,Republican
621,January,1972,5.8,1230.609,41.2,Richard Nixon,Republican
625,February,1972,5.7,1242.529,41.4,Richard Nixon,Republican
629,March,1972,5.8,1254.4489999999998,41.4,Richard Nixon,Republican
633,April,1972,5.7,1266.369,41.5,Richard Nixon,Republican
637,May,1972,5.7,1274.4346666666665,41.6,Richard Nixon,Republican
641,June,1972,5.7,1282.5003333333334,41.7,Richard Nixon,Republican
645,July,1972,5.6,1290.566,41.8,Richard Nixon,Republican
649,August,1972,5.6,1303.3453333333334,41.9,Richard Nixon,Republican
653,September,1972,5.5,1316.1246666666666,42.1,Richard Nixon,Republican
657,October,1972,5.6,1328.904,42.2,Richard Nixon,Republican
661,November,1972,5.3,1345.0993333333333,42.4,Richard Nixon,Republican
665,December,1972,5.2,1361.2946666666667,42.5,Richard Nixon,Republican
669,January,1973,4.9,1377.49,42.7,Richard Nixon,Republican
673,February,1973,5.0,1389.6223333333332,43.0,Richard Nixon,Republican
677,March,1973,4.9,1401.7546666666667,43.4,Richard Nixon,Republican
681,April,1973,5.0,1413.887,43.7,Richard Nixon,Republican
685,May,1973,4.9,1420.5373333333332,43.9,Richard Nixon,Republican
689,June,1973,4.9,1427.1876666666667,44.2,Richard Nixon,Republican
693,July,1973,4.8,1433.838,44.2,Richard Nixon,Republican
697,August,1973,4.8,1447.9883333333332,45.0,Richard Nixon,Republican
701,September,1973,4.8,1462.1386666666667,45.2,Richard Nixon,Republican
705,October,1973,4.6,1476.289,45.6,Richard Nixon,Republican
709,November,1973,4.8,1481.2623333333333,45.9,Richard Nixon,Republican
713,December,1973,4.9,1486.2356666666667,46.3,Richard Nixon,Republican
717,January,1974,5.1,1491.209,46.8,Richard Nixon,Republican
721,February,1974,5.2,1504.1580000000001,47.3,Richard Nixon,Republican
725,March,1974,5.1,1517.107,47.8,Richard Nixon,Republican
729,April,1974,5.1,1530.056,48.1,Richard Nixon,Republican
733,May,1974,5.1,1540.046,48.6,Richard Nixon,Republican
737,June,1974,5.4,1550.036,49.0,Richard Nixon,Republican
741,July,1974,5.5,1560.026,49.3,Richard Nixon,Republican
745,August,1974,5.5,1569.9392500000001,49.9,Richard Nixon,Republican
749,August,1974,5.5,1579.8525,49.9,Gerald Ford,Republican
751,September,1974,5.9,1589.76575,50.6,Gerald Ford,Republican
753,October,1974,6.0,1599.679,51.0,Gerald Ford,Republican
755,November,1974,6.6,1605.1580000000001,51.5,Gerald Ford,Republican
757,December,1974,7.2,1610.637,51.9,Gerald Ford,Republican
759,January,1975,8.1,1616.116,52.3,Gerald Ford,Republican
761,February,1975,8.1,1628.0283333333334,52.6,Gerald Ford,Republican
763,March,1975,8.6,1639.9406666666666,52.8,Gerald Ford,Republican
765,April,1975,8.8,1651.853,53.0,Gerald Ford,Republican
767,May,1975,9.0,1671.1753333333334,53.1,Gerald Ford,Republican
769,June,1975,8.8,1690.4976666666666,53.5,Gerald Ford,Republican
771,July,1975,8.6,1709.82,54.0,Gerald Ford,Republican
773,August,1975,8.4,1727.157,54.2,Gerald Ford,Republican
775,September,1975,8.4,1744.494,54.6,Gerald Ford,Republican
777,October,1975,8.4,1761.831,54.9,Gerald Ford,Republican
779,November,1975,8.3,1781.383,55.3,Gerald Ford,Republican
781,December,1975,8.2,1800.935,55.6,Gerald Ford,Republican
783,January,1976,7.9,1820.487,55.8,Gerald Ford,Republican
785,February,1976,7.7,1831.102,55.9,Gerald Ford,Republican
787,March,1976,7.6,1841.717,56.0,Gerald Ford,Republican
789,April,1976,7.7,1852.332,56.1,Gerald Ford,Republican
791,May,1976,7.4,1863.7406666666668,56.4,Gerald Ford,Republican
793,June,1976,7.6,1875.1493333333333,56.7,Gerald Ford,Republican
795,July,1976,7.8,1886.558,57.0,Gerald Ford,Republican
797,August,1976,7.8,1902.463,57.3,Gerald Ford,Republican
799,September,1976,7.6,1918.368,57.6,Gerald Ford,Republican
801,October,1976,7.7,1934.273,57.9,Gerald Ford,Republican
803,November,1976,7.8,1952.398,58.1,Gerald Ford,Republican
805,December,1976,7.8,1970.523,58.4,Gerald Ford,Republican
807,January,1977,7.5,1988.648,58.7,Gerald Ford,Republican
809,January,1977,7.5,1988.648,58.7,Jimmy Carter,Democratic
810,February,1977,7.6,2011.0683333333334,59.3,Jimmy Carter,Democratic
811,March,1977,7.4,2033.4886666666666,59.6,Jimmy Carter,Democratic
812,April,1977,7.2,2055.909,60.0,Jimmy Carter,Democratic
813,May,1977,7.0,2076.7636666666667,60.2,Jimmy Carter,Democratic
814,June,1977,7.2,2097.6183333333333,60.5,Jimmy Carter,Democratic
815,July,1977,6.9,2118.473,60.8,Jimmy Carter,Democratic
816,August,1977,7.0,2133.7386666666666,61.1,Jimmy Carter,Democratic
817,September,1977,6.8,2149.0043333333333,61.3,Jimmy Carter,Democratic
818,October,1977,6.8,2164.27,61.6,Jimmy Carter,Democratic
819,November,1977,6.8,2177.1,62.0,Jimmy Carter,Democratic
820,December,1977,6.4,2189.9300000000003,62.3,Jimmy Carter,Democratic
821,January,1978,6.4,2202.76,62.7,Jimmy Carter,Democratic
822,February,1978,6.3,2245.717666666667,63.0,Jimmy Carter,Democratic
823,March,1978,6.3,2288.675333333333,63.4,Jimmy Carter,Democratic
824,April,1978,6.1,2331.633,63.9,Jimmy Carter,Democratic
825,May,1978,6.0,2352.7729999999997,64.5,Jimmy Carter,Democratic
826,June,1978,5.9,2373.913,65.0,Jimmy Carter,Democratic
827,July,1978,6.2,2395.053,65.5,Jimmy Carter,Democratic
828,August,1978,5.9,2422.3516666666665,65.9,Jimmy Carter,Democratic
829,September,1978,6.0,2449.6503333333335,66.5,Jimmy Carter,Democratic
830,October,1978,5.8,2476.949,67.1,Jimmy Carter,Democratic
831,November,1978,5.9,2493.5026666666668,67.5,Jimmy Carter,Democratic
832,December,1978,6.0,2510.0563333333334,67.9,Jimmy Carter,Democratic
833,January,1979,5.9,2526.61,68.5,Jimmy Carter,Democratic
834,February,1979,5.9,2548.1556666666665,69.2,Jimmy Carter,Democratic
835,March,1979,5.8,2569.7013333333334,69.9,Jimmy Carter,Democratic
836,April,1979,5.8,2591.247,70.6,Jimmy Carter,Democratic
837,May,1979,5.6,2616.686333333333,71.4,Jimmy Carter,Democratic
838,June,1979,5.7,2642.125666666667,72.2,Jimmy Carter,Democratic
839,July,1979,5.7,2667.565,73.0,Jimmy Carter,Democratic
840,August,1979,6.0,2686.337666666667,73.7,Jimmy Carter,Democratic
841,September,1979,5.9,2705.110333333333,74.4,Jimmy Carter,Democratic
842,October,1979,6.0,2723.883,75.2,Jimmy Carter,Democratic
843,November,1979,5.9,2745.869333333333,76.0,Jimmy Carter,Democratic
844,December,1979,6.0,2767.855666666667,76.9,Jimmy Carter,Democratic
845,January,1980,6.3,2789.842,78.0,Jimmy Carter,Democratic
846,February,1980,6.3,2792.345333333333,79.0,Jimmy Carter,Democratic
847,March,1980,6.3,2794.8486666666668,80.1,Jimmy Carter,Democratic
848,April,1980,6.9,2797.352,80.9,Jimmy Carter,Democratic
849,May,1980,7.5,2817.0623333333333,81.7,Jimmy Carter,Democratic
850,June,1980,7.6,2836.7726666666667,82.5,Jimmy Carter,Democratic
851,July,1980,7.8,2856.483,82.6,Jimmy Carter,Democratic
852,August,1980,7.7,2899.507666666667,83.2,Jimmy Carter,Democratic
853,September,1980,7.5,2942.532333333333,83.9,Jimmy Carter,Democratic
854,October,1980,7.5,2985.557,84.7,Jimmy Carter,Democratic
855,November,1980,7.5,3031.773333333333,85.6,Jimmy Carter,Democratic
856,December,1980,7.2,3077.989666666667,86.4,Jimmy Carter,Democratic
857,January,1981,7.5,3124.206,87.2,Jimmy Carter,Democratic
858,January,1981,7.5,3124.206,87.2,Ronald Reagan,Republican
860,February,1981,7.4,3136.9813333333336,88.0,Ronald Reagan,Republican
862,March,1981,7.4,3149.7566666666667,88.6,Ronald Reagan,Republican
864,April,1981,7.2,3162.532,89.1,Ronald Reagan,Republican
866,May,1981,7.5,3195.2243333333336,89.7,Ronald Reagan,Republican
868,June,1981,7.5,3227.9166666666665,90.5,Ronald Reagan,Republican
870,July,1981,7.2,3260.609,91.5,Ronald Reagan,Republican
872,August,1981,7.4,3267.345333333333,92.2,Ronald Reagan,Republican
874,September,1981,7.6,3274.081666666667,93.1,Ronald Reagan,Republican
876,October,1981,7.9,3280.818,93.4,Ronald Reagan,Republican
878,November,1981,8.3,3278.646,93.8,Ronald Reagan,Republican
880,December,1981,8.5,3276.474,94.1,Ronald Reagan,Republican
882,January,1982,8.6,3274.302,94.4,Ronald Reagan,Republican
884,February,1982,8.9,3293.5253333333335,94.7,Ronald Reagan,Republican
886,March,1982,9.0,3312.748666666667,94.7,Ronald Reagan,Republican
888,April,1982,9.3,3331.972,95.0,Ronald Reagan,Republican
890,May,1982,9.4,3343.422,95.9,Ronald Reagan,Republican
892,June,1982,9.6,3354.8720000000003,97.0,Ronald Reagan,Republican
894,July,1982,9.8,3366.322,97.5,Ronald Reagan,Republican
896,August,1982,9.8,3378.4016666666666,97.7,Ronald Reagan,Republican
898,September,1982,10.1,3390.4813333333336,97.7,Ronald Reagan,Republican
900,October,1982,10.4,3402.561,98.1,Ronald Reagan,Republican
902,November,1982,10.8,3426.1783333333333,98.0,Ronald Reagan,Republican
904,December,1982,10.8,3449.795666666667,97.7,Ronald Reagan,Republican
906,January,1983,10.4,3473.413,97.9,Ronald Reagan,Republican
908,February,1983,10.4,3508.558,98.0,Ronald Reagan,Republican
910,March,1983,10.3,3543.703,98.1,Ronald Reagan,Republican
912,April,1983,10.2,3578.848,98.8,Ronald Reagan,Republican
914,May,1983,10.1,3615.625,99.2,Ronald Reagan,Republican
916,June,1983,10.1,3652.402,99.4,Ronald Reagan,Republican
918,July,1983,9.4,3689.179,99.8,Ronald Reagan,Republican
920,August,1983,9.5,3724.3546666666666,100.1,Ronald Reagan,Republican
922,September,1983,9.2,3759.5303333333336,100.4,Ronald Reagan,Republican
924,October,1983,8.8,3794.706,100.8,Ronald Reagan,Republican
926,November,1983,8.5,3832.4886666666666,101.1,Ronald Reagan,Republican
928,December,1983,8.3,3870.2713333333336,101.4,Ronald Reagan,Republican
930,January,1984,8.0,3908.054,102.1,Ronald Reagan,Republican
932,February,1984,7.8,3941.9030000000002,102.6,Ronald Reagan,Republican
934,March,1984,7.8,3975.752,102.9,Ronald Reagan,Republican
936,April,1984,7.7,4009.601,103.3,Ronald Reagan,Republican
938,May,1984,7.4,4034.484,103.5,Ronald Reagan,Republican
940,June,1984,7.2,4059.367,103.7,Ronald Reagan,Republican
942,July,1984,7.5,4084.25,104.1,Ronald Reagan,Republican
944,August,1984,7.5,4105.683666666667,104.4,Ronald Reagan,Republican
946,September,1984,7.3,4127.117333333334,104.7,Ronald Reagan,Republican
948,October,1984,7.4,4148.551,105.1,Ronald Reagan,Republican
950,November,1984,7.2,4175.756666666667,105.3,Ronald Reagan,Republican
952,December,1984,7.3,4202.962333333333,105.5,Ronald Reagan,Republican
954,January,1985,7.3,4230.168,105.7,Ronald Reagan,Republican
956,February,1985,7.2,4251.741,106.3,Ronald Reagan,Republican
958,March,1985,7.2,4273.313999999999,106.8,Ronald Reagan,Republican
960,April,1985,7.3,4294.887,107.0,Ronald Reagan,Republican
962,May,1985,7.2,4325.515666666666,107.2,Ronald Reagan,Republican
964,June,1985,7.4,4356.144333333334,107.5,Ronald Reagan,Republican
966,July,1985,7.4,4386.773,107.7,Ronald Reagan,Republican
968,August,1985,7.1,4405.88,107.9,Ronald Reagan,Republican
970,September,1985,7.1,4424.987,108.1,Ronald Reagan,Republican
972,October,1985,7.1,4444.094,108.5,Ronald Reagan,Republican
974,November,1985,7.0,4465.3606666666665,109.0,Ronald Reagan,Republican
976,December,1985,7.0,4486.627333333334,109.5,Ronald Reagan,Republican
978,January,1986,6.7,4507.894,109.9,Ronald Reagan,Republican
980,February,1986,7.2,4520.376,109.7,Ronald Reagan,Republican
982,March,1986,7.2,4532.858,109.1,Ronald Reagan,Republican
984,April,1986,7.1,4545.34,108.7,Ronald Reagan,Republican
986,May,1986,7.2,4566.116333333333,109.0,Ronald Reagan,Republican
988,June,1986,7.2,4586.892666666667,109.4,Ronald Reagan,Republican
990,July,1986,7.0,4607.669,109.5,Ronald Reagan,Republican
992,August,1986,6.9,4624.321666666667,109.6,Ronald Reagan,Republican
994,September,1986,7.0,4640.974333333334,110.0,Ronald Reagan,Republican
996,October,1986,7.0,4657.627,110.2,Ronald Reagan,Republican
998,November,1986,6.9,4679.136666666667,110.4,Ronald Reagan,Republican
1000,December,1986,6.6,4700.646333333333,110.8,Ronald Reagan,Republican
1002,January,1987,6.6,4722.156,111.4,Ronald Reagan,Republican
1004,February,1987,6.6,4750.157333333334,111.8,Ronald Reagan,Republican
1006,March,1987,6.6,4778.158666666666,112.2,Ronald Reagan,Republican
1008,April,1987,6.3,4806.16,112.7,Ronald Reagan,Republican
1010,May,1987,6.3,4832.291666666667,113.0,Ronald Reagan,Republican
1012,June,1987,6.2,4858.423333333333,113.5,Ronald Reagan,Republican
1014,July,1987,6.1,4884.555,113.8,Ronald Reagan,Republican
1016,August,1987,6.0,4925.701333333333,114.3,Ronald Reagan,Republican
1018,September,1987,5.9,4966.847666666667,114.7,Ronald Reagan,Republican
1020,October,1987,6.0,5007.994,115.0,Ronald Reagan,Republican
1022,November,1987,5.8,5029.786666666667,115.4,Ronald Reagan,Republican
1024,December,1987,5.7,5051.579333333333,115.6,Ronald Reagan,Republican
1026,January,1988,5.7,5073.372,116.0,Ronald Reagan,Republican
1028,February,1988,5.7,5112.26,116.2,Ronald Reagan,Republican
1030,March,1988,5.7,5151.148,116.5,Ronald Reagan,Republican
1032,April,1988,5.4,5190.036,117.2,Ronald Reagan,Republican
1034,May,1988,5.6,5220.969,117.5,Ronald Reagan,Republican
1036,June,1988,5.4,5251.902,118.0,Ronald Reagan,Republican
1038,July,1988,5.4,5282.835,118.5,Ronald Reagan,Republican
1040,August,1988,5.6,5321.726333333333,119.0,Ronald Reagan,Republican
1042,September,1988,5.4,5360.617666666667,119.5,Ronald Reagan,Republican
1044,October,1988,5.4,5399.509,119.9,Ronald Reagan,Republican
1046,November,1988,5.3,5436.757,120.3,Ronald Reagan,Republican
1048,December,1988,5.3,5474.005,120.7,Ronald Reagan,Republican
1050,January,1989,5.4,5511.253,121.2,Ronald Reagan,Republican
1052,January,1989,5.4,5511.253,121.2,,Republican
1053,February,1989,5.2,5544.989666666666,121.6,,Republican
1054,March,1989,5.0,5578.726333333333,122.2,,Republican
1055,April,1989,5.2,5612.463,123.1,,Republican
1056,May,1989,5.2,5640.097,123.7,,Republican
1057,June,1989,5.3,5667.731,124.1,,Republican
1058,July,1989,5.2,5695.365,124.5,,Republican
1059,August,1989,5.2,5712.655666666667,124.5,,Republican
1060,September,1989,5.3,5729.946333333333,124.8,,Republican
1061,October,1989,5.3,5747.237,125.4,,Republican
1062,November,1989,5.4,5789.058333333333,125.9,,Republican
1063,December,1989,5.4,5830.879666666667,126.3,,Republican
1064,January,1990,5.4,5872.701,127.5,,Republican
1065,February,1990,5.3,5901.81,128.0,,Republican
1066,March,1990,5.2,5930.919,128.6,,Republican
1067,April,1990,5.4,5960.028,128.9,,Republican
1068,May,1990,5.4,5978.390666666667,129.1,,Republican
1069,June,1990,5.2,5996.753333333333,129.9,,Republican
1070,July,1990,5.5,6015.116,130.5,,Republican
1071,August,1990,5.7,6011.655,131.6,,Republican
1072,September,1990,5.9,6008.194,132.5,,Republican
1073,October,1990,5.9,6004.733,133.4,,Republican
1074,November,1990,6.2,6014.881333333334,133.7,,Republican
1075,December,1990,6.3,6025.029666666666,134.2,,Republican
1076,January,1991,6.4,6035.178,134.7,,Republican
1077,February,1991,6.6,6065.739333333333,134.8,,Republican
1078,March,1991,6.8,6096.300666666667,134.8,,Republican
1079,April,1991,6.7,6126.862,135.1,,Republican
1080,May,1991,6.9,6153.220333333334,135.6,,Republican
1081,June,1991,6.9,6179.578666666666,136.0,,Republican
1082,July,1991,6.8,6205.937,136.2,,Republican
1083,August,1991,6.9,6225.471333333333,136.6,,Republican
1084,September,1991,6.9,6245.005666666667,137.0,,Republican
1085,October,1991,7.0,6264.54,137.2,,Republican
1086,November,1991,7.0,6297.394,137.8,,Republican
1087,December,1991,7.3,6330.248,138.2,,Republican
1088,January,1992,7.3,6363.102,138.3,,Republican
1089,February,1992,7.4,6398.989,138.6,,Republican
1090,March,1992,7.4,6434.876,139.1,,Republican
1091,April,1992,7.4,6470.763,139.4,,Republican
1092,May,1992,7.6,6502.722333333333,139.7,,Republican
1093,June,1992,7.8,6534.681666666666,140.1,,Republican
1094,July,1992,7.7,6566.641,140.5,,Republican
1095,August,1992,7.6,6604.695,140.8,,Republican
1096,September,1992,7.6,6642.749,141.1,,Republican
1097,October,1992,7.3,6680.803,141.7,,Republican
1098,November,1992,7.4,6697.0216666666665,142.1,,Republican
1099,December,1992,7.4,6713.240333333333,142.3,,Republican
1100,January,1993,7.3,6729.459,142.8,,Republican
1101,January,1993,7.3,6729.459,142.8,Bill Clinton,Democratic
1103,February,1993,7.1,6755.952333333334,143.1,Bill Clinton,Democratic
1105,March,1993,7.0,6782.4456666666665,143.3,Bill Clinton,Democratic
1107,April,1993,7.1,6808.939,143.8,Bill Clinton,Democratic
1109,May,1993,7.1,6833.325333333333,144.2,Bill Clinton,Democratic
1111,June,1993,7.0,6857.711666666667,144.3,Bill Clinton,Democratic
1113,July,1993,6.9,6882.098,144.5,Bill Clinton,Democratic
1115,August,1993,6.8,6925.978,144.8,Bill Clinton,Democratic
1117,September,1993,6.7,6969.858,145.0,Bill Clinton,Democratic
1119,October,1993,6.8,7013.738,145.6,Bill Clinton,Democratic
1121,November,1993,6.6,7047.709333333333,146.0,Bill Clinton,Democratic
1123,December,1993,6.5,7081.680666666667,146.3,Bill Clinton,Democratic
1125,January,1994,6.6,7115.652,146.3,Bill Clinton,Democratic
1127,February,1994,6.6,7159.411666666667,146.7,Bill Clinton,Democratic
1129,March,1994,6.5,7203.171333333333,147.1,Bill Clinton,Democratic
1131,April,1994,6.4,7246.931,147.2,Bill Clinton,Democratic
1133,May,1994,6.1,7274.978999999999,147.5,Bill Clinton,Democratic
1135,June,1994,6.1,7303.027,147.9,Bill Clinton,Democratic
1137,July,1994,6.1,7331.075,148.4,Bill Clinton,Democratic
1139,August,1994,6.0,7372.479333333333,149.0,Bill Clinton,Democratic
1141,September,1994,5.9,7413.883666666667,149.3,Bill Clinton,Democratic
1143,October,1994,5.8,7455.288,149.4,Bill Clinton,Democratic
1145,November,1994,5.6,7477.621666666666,149.8,Bill Clinton,Democratic
1147,December,1994,5.5,7499.955333333333,150.1,Bill Clinton,Democratic
1149,January,1995,5.6,7522.289,150.5,Bill Clinton,Democratic
1151,February,1995,5.4,7541.858333333334,150.9,Bill Clinton,Democratic
1153,March,1995,5.4,7561.4276666666665,151.2,Bill Clinton,Democratic
1155,April,1995,5.8,7580.997,151.8,Bill Clinton,Democratic
1157,May,1995,5.6,7615.039666666667,152.1,Bill Clinton,Democratic
1159,June,1995,5.6,7649.082333333334,152.4,Bill Clinton,Democratic
1161,July,1995,5.7,7683.125,152.6,Bill Clinton,Democratic
1163,August,1995,5.7,7712.945333333333,152.9,Bill Clinton,Democratic
1165,September,1995,5.6,7742.765666666667,153.1,Bill Clinton,Democratic
1167,October,1995,5.5,7772.586,153.5,Bill Clinton,Democratic
1169,November,1995,5.6,7804.546666666667,153.7,Bill Clinton,Democratic
1171,December,1995,5.6,7836.507333333333,153.9,Bill Clinton,Democratic
1173,January,1996,5.6,7868.468,154.7,Bill Clinton,Democratic
1175,February,1996,5.5,7923.258666666667,155.0,Bill Clinton,Democratic
1177,March,1996,5.5,7978.049333333333,155.5,Bill Clinton,Democratic
1179,April,1996,5.6,8032.84,156.1,Bill Clinton,Democratic
1181,May,1996,5.6,8065.696,156.4,Bill Clinton,Democratic
1183,June,1996,5.3,8098.552000000001,156.7,Bill Clinton,Democratic
1185,July,1996,5.5,8131.408,157.0,Bill Clinton,Democratic
1187,August,1996,5.1,8174.195666666667,157.2,Bill Clinton,Democratic
1189,September,1996,5.2,8216.983333333334,157.7,Bill Clinton,Democratic
1191,October,1996,5.2,8259.771,158.2,Bill Clinton,Democratic
1193,November,1996,5.4,8294.065666666667,158.7,Bill Clinton,Democratic
1195,December,1996,5.4,8328.360333333334,159.1,Bill Clinton,Democratic
1197,January,1997,5.3,8362.655,159.4,Bill Clinton,Democratic
1199,February,1997,5.2,8414.711666666668,159.7,Bill Clinton,Democratic
1201,March,1997,5.2,8466.768333333333,159.8,Bill Clinton,Democratic
1203,April,1997,5.1,8518.825,159.9,Bill Clinton,Democratic
1205,May,1997,4.9,8566.824333333334,159.9,Bill Clinton,Democratic
1207,June,1997,5.0,8614.823666666667,160.2,Bill Clinton,Democratic
1209,July,1997,4.9,8662.823,160.4,Bill Clinton,Democratic
1211,August,1997,4.8,8697.184333333333,160.8,Bill Clinton,Democratic
1213,September,1997,4.9,8731.545666666667,161.2,Bill Clinton,Democratic
1215,October,1997,4.7,8765.907,161.5,Bill Clinton,Democratic
1217,November,1997,4.6,8799.431333333332,161.7,Bill Clinton,Democratic
1219,December,1997,4.7,8832.955666666667,161.8,Bill Clinton,Democratic
1221,January,1998,4.6,8866.48,162.0,Bill Clinton,Democratic
1223,February,1998,4.6,8900.886333333334,162.0,Bill Clinton,Democratic
1225,March,1998,4.7,8935.292666666666,162.0,Bill Clinton,Democratic
1227,April,1998,4.3,8969.699,162.2,Bill Clinton,Democratic
1229,May,1998,4.4,9020.165,162.6,Bill Clinton,Democratic
1231,June,1998,4.5,9070.631,162.8,Bill Clinton,Democratic
1233,July,1998,4.5,9121.097,163.2,Bill Clinton,Democratic
1235,August,1998,4.5,9178.728333333333,163.4,Bill Clinton,Democratic
1237,September,1998,4.6,9236.359666666667,163.5,Bill Clinton,Democratic
1239,October,1998,4.5,9293.991,163.9,Bill Clinton,Democratic
1241,November,1998,4.4,9333.221333333333,164.1,Bill Clinton,Democratic
1243,December,1998,4.4,9372.451666666668,164.4,Bill Clinton,Democratic
1245,January,1999,4.3,9411.682,164.7,Bill Clinton,Democratic
1247,February,1999,4.4,9449.858,164.7,Bill Clinton,Democratic
1249,March,1999,4.2,9488.034,164.8,Bill Clinton,Democratic
1251,April,1999,4.3,9526.21,165.9,Bill Clinton,Democratic
1253,May,1999,4.2,9579.681999999999,166.0,Bill Clinton,Democratic
1255,June,1999,4.3,9633.154,166.0,Bill Clinton,Democratic
1257,July,1999,4.3,9686.626,166.7,Bill Clinton,Democratic
1259,August,1999,4.2,9757.807,167.1,Bill Clinton,Democratic
1261,September,1999,4.2,9828.988,167.8,Bill Clinton,Democratic
1263,October,1999,4.1,9900.169,168.1,Bill Clinton,Democratic
1265,November,1999,4.1,9934.172333333334,168.4,Bill Clinton,Democratic
1267,December,1999,4.0,9968.175666666666,168.8,Bill Clinton,Democratic
1269,January,2000,4.0,10002.179,169.3,Bill Clinton,Democratic
1271,February,2000,4.1,10084.026,170.0,Bill Clinton,Democratic
1273,March,2000,4.0,10165.873,171.0,Bill Clinton,Democratic
1275,April,2000,3.8,10247.72,170.9,Bill Clinton,Democratic
1277,May,2000,4.0,10271.201666666666,171.2,Bill Clinton,Democratic
1279,June,2000,4.0,10294.683333333334,172.2,Bill Clinton,Democratic
1281,July,2000,4.0,10318.165,172.7,Bill Clinton,Democratic
1283,August,2000,4.1,10357.358,172.7,Bill Clinton,Democratic
1285,September,2000,3.9,10396.551000000001,173.6,Bill Clinton,Democratic
1287,October,2000,3.9,10435.744,173.9,Bill Clinton,Democratic
1289,November,2000,3.9,10447.239666666666,174.2,Bill Clinton,Democratic
1291,December,2000,3.9,10458.735333333334,174.6,Bill Clinton,Democratic
1293,January,2001,4.2,10470.231,175.6,Bill Clinton,Democratic
1295,January,2001,4.2,10470.231,175.6,,Republican
1297,February,2001,4.2,10513.154,176.0,,Republican
1299,March,2001,4.3,10556.077,176.1,,Republican
1301,April,2001,4.4,10599.0,176.4,,Republican
1303,May,2001,4.3,10598.673333333334,177.3,,Republican
1305,June,2001,4.5,10598.346666666666,177.7,,Republican
1307,July,2001,4.6,10598.02,177.4,,Republican
1309,August,2001,4.9,10618.835000000001,177.4,,Republican
1311,September,2001,5.0,10639.65,178.1,,Republican
1313,October,2001,5.3,10660.465,177.6,,Republican
1315,November,2001,5.5,10701.476666666667,177.5,,Republican
1317,December,2001,5.7,10742.488333333333,177.4,,Republican
1319,January,2002,5.7,10783.5,177.7,,Republican
1321,February,2002,5.7,10818.153333333334,178.0,,Republican
1323,March,2002,5.7,10852.806666666665,178.5,,Republican
1325,April,2002,5.9,10887.46,179.3,,Republican
1327,May,2002,5.8,10919.653333333334,179.5,,Republican
1329,June,2002,5.8,10951.846666666666,179.6,,Republican
1331,July,2002,5.8,10984.04,180.0,,Republican
1333,August,2002,5.7,11009.837666666668,180.5,,Republican
1335,September,2002,5.7,11035.635333333334,180.8,,Republican
1337,October,2002,5.7,11061.433,181.2,,Republican
1339,November,2002,5.9,11098.998333333335,181.5,,Republican
1341,December,2002,6.0,11136.563666666667,181.8,,Republican
1343,January,2003,5.8,11174.129,182.6,,Republican
1345,February,2003,5.9,11220.341333333334,183.6,,Republican
1347,March,2003,5.9,11266.553666666667,183.9,,Republican
1349,April,2003,6.0,11312.766,183.2,,Republican
1351,May,2003,6.1,11397.400333333333,182.9,,Republican
1353,June,2003,6.3,11482.034666666666,183.1,,Republican
1355,July,2003,6.2,11566.669,183.7,,Republican
1357,August,2003,6.1,11635.190666666667,184.5,,Republican
1359,September,2003,6.1,11703.712333333333,185.1,,Republican
1361,October,2003,6.0,11772.234,184.9,,Republican
1363,November,2003,5.8,11822.638333333334,185.0,,Republican
1365,December,2003,5.7,11873.042666666666,185.5,,Republican
1367,January,2004,5.7,11923.447,186.3,,Republican
1369,February,2004,5.6,11986.569666666666,186.7,,Republican
1371,March,2004,5.8,12049.692333333334,187.1,,Republican
1373,April,2004,5.6,12112.815,187.4,,Republican
1375,May,2004,5.6,12176.979000000001,188.2,,Republican
1377,June,2004,5.6,12241.143,188.9,,Republican
1379,July,2004,5.5,12305.307,189.1,,Republican
1381,August,2004,5.4,12379.276,189.2,,Republican
1383,September,2004,5.4,12453.245,189.8,,Republican
1385,October,2004,5.5,12527.214,190.8,,Republican
1387,November,2004,5.4,12607.238,191.7,,Republican
1389,December,2004,5.4,12687.262,191.7,,Republican
1391,January,2005,5.3,12767.286,191.6,,Republican
1393,February,2005,5.4,12819.076000000001,192.4,,Republican
1395,March,2005,5.2,12870.866,193.1,,Republican
1397,April,2005,5.2,12922.656,193.7,,Republican
1399,May,2005,5.1,12995.984666666667,193.6,,Republican
1401,June,2005,5.0,13069.313333333334,193.7,,Republican
1403,July,2005,5.0,13142.642,194.9,,Republican
1405,August,2005,4.9,13203.162666666667,196.1,,Republican
1407,September,2005,5.0,13263.683333333332,198.8,,Republican
1409,October,2005,5.0,13324.204,199.1,,Republican
1411,November,2005,5.0,13415.856,198.1,,Republican
1413,December,2005,4.9,13507.508,198.1,,Republican
1415,January,2006,4.7,13599.16,199.3,,Republican
1417,February,2006,4.8,13650.581333333334,199.4,,Republican
1419,March,2006,4.7,13702.002666666667,199.7,,Republican
1421,April,2006,4.7,13753.424,200.7,,Republican
1423,May,2006,4.6,13792.345333333335,201.3,,Republican
1425,June,2006,4.6,13831.266666666666,201.8,,Republican
1427,July,2006,4.7,13870.188,202.9,,Republican
1429,August,2006,4.7,13926.645333333334,203.8,,Republican
1431,September,2006,4.5,13983.102666666666,202.8,,Republican
1433,October,2006,4.4,14039.56,201.9,,Republican
1435,November,2006,4.5,14098.257,202.0,,Republican
1437,December,2006,4.4,14156.954,203.1,,Republican
1439,January,2007,4.6,14215.651,203.437,,Republican
1441,February,2007,4.5,14277.794666666667,204.226,,Republican
1443,March,2007,4.4,14339.938333333334,205.288,,Republican
1445,April,2007,4.5,14402.082,205.904,,Republican
1447,May,2007,4.4,14456.093666666668,206.755,,Republican
1449,June,2007,4.6,14510.105333333333,207.234,,Republican
1451,July,2007,4.7,14564.117,207.603,,Republican
1453,August,2007,4.6,14614.430666666667,207.667,,Republican
1455,September,2007,4.7,14664.744333333334,208.547,,Republican
1457,October,2007,4.7,14715.058,209.19,,Republican
1459,November,2007,4.7,14712.218,210.834,,Republican
1461,December,2007,5.0,14709.378,211.445,,Republican
1463,January,2008,5.0,14706.538,212.174,,Republican
1465,February,2008,4.9,14759.592333333334,212.687,,Republican
1467,March,2008,5.1,14812.646666666666,213.448,,Republican
1469,April,2008,5.0,14865.701,213.942,,Republican
1471,May,2008,5.4,14876.800333333333,215.208,,Republican
1473,June,2008,5.6,14887.899666666666,217.463,,Republican
1475,July,2008,5.8,14898.999,219.016,,Republican
1477,August,2008,6.1,14802.069,218.69,,Republican
1479,September,2008,6.1,14705.139000000001,218.877,,Republican
1481,October,2008,6.5,14608.209,216.995,,Republican
1483,November,2008,6.8,14549.106666666667,213.153,,Republican
1485,December,2008,7.3,14490.004333333334,211.398,,Republican
1487,January,2009,7.8,14430.902,211.933,,Republican
1489,January,2009,7.8,14430.902,211.933,Barack Obama,Democratic
1491,February,2009,8.3,14414.346666666666,212.705,Barack Obama,Democratic
1493,March,2009,8.7,14397.791333333334,212.495,Barack Obama,Democratic
1495,April,2009,9.0,14381.236,212.709,Barack Obama,Democratic
1497,May,2009,9.4,14403.784666666666,213.022,Barack Obama,Democratic
1499,June,2009,9.5,14426.333333333334,214.79,Barack Obama,Democratic
1501,July,2009,9.5,14448.882,214.726,Barack Obama,Democratic
1503,August,2009,9.6,14516.337666666666,215.445,Barack Obama,Democratic
1505,September,2009,9.8,14583.793333333333,215.861,Barack Obama,Democratic
1507,October,2009,10.0,14651.249,216.509,Barack Obama,Democratic
1509,November,2009,9.9,14689.036,217.234,Barack Obama,Democratic
1511,December,2009,9.9,14726.823,217.347,Barack Obama,Democratic
1513,January,2010,9.8,14764.61,217.488,Barack Obama,Democratic
1515,February,2010,9.8,14836.471,217.281,Barack Obama,Democratic
1517,March,2010,9.9,14908.332,217.353,Barack Obama,Democratic
1519,April,2010,9.9,14980.193,217.403,Barack Obama,Democratic
1521,May,2010,9.6,15033.997666666666,217.29,Barack Obama,Democratic
1523,June,2010,9.4,15087.802333333333,217.199,Barack Obama,Democratic
1525,July,2010,9.4,15141.607,217.605,Barack Obama,Democratic
1527,August,2010,9.5,15197.562666666667,217.923,Barack Obama,Democratic
1529,September,2010,9.5,15253.518333333333,218.275,Barack Obama,Democratic
1531,October,2010,9.4,15309.474,219.035,Barack Obama,Democratic
1533,November,2010,9.8,15323.465333333334,219.59,Barack Obama,Democratic
1535,December,2010,9.3,15337.456666666667,220.472,Barack Obama,Democratic
1537,January,2011,9.1,15351.448,221.187,Barack Obama,Democratic
1539,February,2011,9.0,15420.145,221.898,Barack Obama,Democratic
1541,March,2011,9.0,15488.842,223.046,Barack Obama,Democratic
1543,April,2011,9.1,15557.539,224.093,Barack Obama,Democratic
1545,May,2011,9.0,15587.586000000001,224.806,Barack Obama,Democratic
1547,June,2011,9.1,15617.633,224.806,Barack Obama,Democratic
1549,July,2011,9.0,15647.68,225.395,Barack Obama,Democratic
1551,August,2011,9.0,15712.539666666667,226.106,Barack Obama,Democratic
1553,September,2011,9.0,15777.399333333333,226.597,Barack Obama,Democratic
1555,October,2011,8.8,15842.259,226.75,Barack Obama,Democratic
1557,November,2011,8.6,15917.774333333333,227.169,Barack Obama,Democratic
1559,December,2011,8.5,15993.289666666667,227.223,Barack Obama,Democratic
1561,January,2012,8.3,16068.805,227.842,Barack Obama,Democratic
1563,February,2012,8.3,16114.908333333333,228.329,Barack Obama,Democratic
1565,March,2012,8.2,16161.011666666667,228.807,Barack Obama,Democratic
1567,April,2012,8.2,16207.115,229.187,Barack Obama,Democratic
1569,May,2012,8.2,16244.590333333334,228.713,Barack Obama,Democratic
1571,June,2012,8.2,16282.065666666665,228.524,Barack Obama,Democratic
1573,July,2012,8.2,16319.541,228.59,Barack Obama,Democratic
1575,August,2012,8.1,16353.167,229.918,Barack Obama,Democratic
1577,September,2012,7.8,16386.793,231.015,Barack Obama,Democratic
1579,October,2012,7.8,16420.419,231.638,Barack Obama,Democratic
1581,November,2012,7.7,16496.342333333334,231.249,Barack Obama,Democratic
1583,December,2012,7.9,16572.265666666666,231.221,Barack Obama,Democratic
1585,January,2013,8.0,16648.189,231.679,Barack Obama,Democratic
1587,February,2013,7.7,16675.021666666667,232.937,Barack Obama,Democratic
1589,March,2013,7.5,16701.854333333333,232.282,Barack Obama,Democratic
1591,April,2013,7.6,16728.687,231.797,Barack Obama,Democratic
1593,May,2013,7.5,16803.737333333334,231.893,Barack Obama,Democratic
1595,June,2013,7.5,16878.787666666667,232.445,Barack Obama,Democratic
1597,July,2013,7.3,16953.838,232.9,Barack Obama,Democratic
1599,August,2013,7.2,17033.231666666667,233.456,Barack Obama,Democratic
1601,September,2013,7.2,17112.625333333333,233.544,Barack Obama,Democratic
1603,October,2013,7.2,17192.019,233.669,Barack Obama,Democratic
1605,November,2013,6.9,17193.925333333333,234.1,Barack Obama,Democratic
1607,December,2013,6.7,17195.83166666667,234.719,Barack Obama,Democratic
1609,January,2014,6.6,17197.738,235.288,Barack Obama,Democratic
1611,February,2014,6.7,17304.661333333333,235.547,Barack Obama,Democratic
1613,March,2014,6.7,17411.58466666667,236.028,Barack Obama,Democratic
1615,April,2014,6.2,17518.508,236.468,Barack Obama,Democratic
1617,May,2014,6.3,17613.748,236.918,Barack Obama,Democratic
1619,June,2014,6.1,17708.988,237.231,Barack Obama,Democratic
1621,July,2014,6.2,17804.228,237.498,Barack Obama,Democratic
1623,August,2014,6.1,17840.178333333333,237.46,Barack Obama,Democratic
1625,September,2014,5.9,17876.128666666667,237.477,Barack Obama,Democratic
1627,October,2014,5.7,17912.079,237.43,Barack Obama,Democratic
1629,November,2014,5.8,17962.562333333335,236.983,Barack Obama,Democratic
1631,December,2014,5.6,18013.045666666665,236.252,Barack Obama,Democratic
1633,January,2015,5.7,18063.529,234.747,Barack Obama,Democratic
1635,February,2015,5.5,18135.613999999998,235.342,Barack Obama,Democratic
1637,March,2015,5.4,18207.699,235.976,Barack Obama,Democratic
1639,April,2015,5.4,18279.784,236.222,Barack Obama,Democratic
1641,May,2015,5.6,18320.398,237.001,Barack Obama,Democratic
1643,June,2015,5.3,18361.012,237.657,Barack Obama,Democratic
1645,July,2015,5.2,18401.626,238.034,Barack Obama,Democratic
1647,August,2015,5.1,18412.796333333332,238.033,Barack Obama,Democratic
1649,September,2015,5.0,18423.966666666667,237.498,Barack Obama,Democratic
1651,October,2015,5.0,18435.137,237.733,Barack Obama,Democratic
1653,November,2015,5.1,18465.40233333333,238.017,Barack Obama,Democratic
1655,December,2015,5.0,18495.667666666668,237.761,Barack Obama,Democratic
1657,January,2016,4.8,18525.933,237.652,Barack Obama,Democratic
1659,February,2016,4.9,18587.856,237.336,Barack Obama,Democratic
1661,March,2016,5.0,18649.779000000002,238.08,Barack Obama,Democratic
1663,April,2016,5.1,18711.702,238.992,Barack Obama,Democratic
1665,May,2016,4.8,18772.014333333333,239.557,Barack Obama,Democratic
1667,June,2016,4.9,18832.326666666668,240.222,Barack Obama,Democratic
1669,July,2016,4.8,18892.639,240.101,Barack Obama,Democratic
1671,August,2016,4.9,18958.219,240.545,Barack Obama,Democratic
1673,September,2016,5.0,19023.799,241.176,Barack Obama,Democratic
1675,October,2016,4.9,19089.379,241.741,Barack Obama,Democratic
1677,November,2016,4.7,19152.947333333334,242.026,Barack Obama,Democratic
1679,December,2016,4.7,19216.515666666666,242.637,Barack Obama,Democratic
1681,January,2017,4.7,19280.084,243.618,Barack Obama,Democratic
1683,January,2017,4.7,19280.084,243.618,Donald Trump,Republican
1684,February,2017,4.6,19332.936999999998,244.006,Donald Trump,Republican
1685,March,2017,4.4,19385.79,243.892,Donald Trump,Republican
1686,April,2017,4.4,19438.643,244.193,Donald Trump,Republican
1687,May,2017,4.4,19523.29366666667,244.004,Donald Trump,Republican
1688,June,2017,4.3,19607.944333333333,244.163,Donald Trump,Republican
1689,July,2017,4.3,19692.595,244.243,Donald Trump,Republican
1690,August,2017,4.4,19807.426,245.183,Donald Trump,Republican
1691,September,2017,4.3,19922.257,246.435,Donald Trump,Republican
1692,October,2017,4.2,20037.088,246.626,Donald Trump,Republican
1693,November,2017,4.2,20134.243,247.284,Donald Trump,Republican
1694,December,2017,4.1,20231.398,247.805,Donald Trump,Republican
1695,January,2018,4.0,20328.553,248.859,Donald Trump,Republican
1696,February,2018,4.1,20412.672666666665,249.529,Donald Trump,Republican
1697,March,2018,4.0,20496.792333333335,249.577,Donald Trump,Republican
1698,April,2018,4.0,20580.912,250.227,Donald Trump,Republican
1699,May,2018,3.8,20653.518,250.792,Donald Trump,Republican
1700,June,2018,4.0,20726.124,251.018,Donald Trump,Republican
1701,July,2018,3.8,20798.73,251.214,Donald Trump,Republican
1702,August,2018,3.8,20838.442333333332,251.663,Donald Trump,Republican
1703,September,2018,3.7,20878.154666666665,252.182,Donald Trump,Republican
1704,October,2018,3.8,20917.867,252.772,Donald Trump,Republican
1705,November,2018,3.8,20982.444666666666,252.594,Donald Trump,Republican
1706,December,2018,3.9,21047.02233333333,252.767,Donald Trump,Republican
1707,January,2019,4.0,21111.6,252.561,Donald Trump,Republican
1708,February,2019,3.8,21207.046,253.319,Donald Trump,Republican
1709,March,2019,3.8,21302.492,254.277,Donald Trump,Republican
1710,April,2019,3.7,21397.938,255.233,Donald Trump,Republican
1711,May,2019,3.6,21504.349,255.296,Donald Trump,Republican
1712,June,2019,3.6,21610.76,255.213,Donald Trump,Republican
1713,July,2019,3.7,21717.171,255.802,Donald Trump,Republican
1714,August,2019,3.6,21789.18633333333,256.036,Donald Trump,Republican
1715,September,2019,3.5,21861.201666666668,256.43,Donald Trump,Republican
1716,October,2019,3.6,21933.217,257.155,Donald Trump,Republican
1717,November,2019,3.6,21872.557333333334,257.879,Donald Trump,Republican
1718,December,2019,3.6,21811.897666666668,258.63,Donald Trump,Republican
1719,January,2020,3.6,21751.238,259.127,Donald Trump,Republican
1720,February,2020,3.5,21153.589,259.25,Donald Trump,Republican
1721,March,2020,4.4,20555.940000000002,258.076,Donald Trump,Republican
1722,April,2020,14.8,19958.291,256.032,Donald Trump,Republican
1723,May,2020,13.2,20540.339666666667,255.802,Donald Trump,Republican
1724,June,2020,11.0,21122.388333333336,257.042,Donald Trump,Republican
1725,July,2020,10.2,21704.437,258.352,Donald Trump,Republican
1726,August,2020,8.4,21832.011333333336,259.316,Donald Trump,Republican
1727,September,2020,7.8,21959.585666666666,259.997,Donald Trump,Republican
1728,October,2020,6.9,22087.16,260.319,Donald Trump,Republican
1729,November,2020,6.7,22285.004333333334,260.911,Donald Trump,Republican
1730,December,2020,6.7,22482.848666666665,262.045,Donald Trump,Republican
1731,January,2021,6.4,22680.693,262.639,Donald Trump,Republican
1732,January,2021,6.4,22680.693,262.639,Joe Biden,Democratic
1733,February,2021,6.2,22929.098666666665,263.573,Joe Biden,Democratic
1734,March,2021,6.1,23177.504333333334,264.847,Joe Biden,Democratic
1735,April,2021,6.1,23425.91,266.625,Joe Biden,Democratic
1736,May,2021,5.8,23611.399666666668,268.404,Joe Biden,Democratic
1737,June,2021,5.9,23796.889333333333,270.71,Joe Biden,Democratic
1738,July,2021,5.4,23982.379,271.965,Joe Biden,Democratic
1739,August,2021,5.1,24259.452666666668,272.752,Joe Biden,Democratic
1740,September,2021,4.7,24536.52633333333,273.942,Joe Biden,Democratic
1741,October,2021,4.5,24813.6,276.528,Joe Biden,Democratic
1742,November,2021,4.2,24959.182333333334,278.824,Joe Biden,Democratic
1743,December,2021,3.9,25104.764666666666,280.806,Joe Biden,Democratic
1744,January,2022,4.0,25250.347,282.542,Joe Biden,Democratic
1745,February,2022,3.8,25453.995333333336,284.525,Joe Biden,Democratic
1746,March,2022,3.7,25657.643666666667,287.467,Joe Biden,Democratic
1747,April,2022,3.7,25861.292,288.582,Joe Biden,Democratic
1748,May,2022,3.6,26019.629333333334,291.299,Joe Biden,Democratic
1749,June,2022,3.6,26177.966666666667,295.072,Joe Biden,Democratic
1750,July,2022,3.5,26336.304,294.94,Joe Biden,Democratic
1751,August,2022,3.6,26481.040666666668,295.162,Joe Biden,Democratic
1752,September,2022,3.5,26625.77733333333,296.421,Joe Biden,Democratic
1753,October,2022,3.6,26770.514,297.979,Joe Biden,Democratic
1754,November,2022,3.6,26919.157666666666,298.708,Joe Biden,Democratic
1755,December,2022,3.5,27067.801333333333,298.808,Joe Biden,Democratic
1756,January,2023,3.5,27216.445,300.456,Joe Biden,Democratic
1757,February,2023,3.6,27320.981666666667,301.476,Joe Biden,Democratic
1758,March,2023,3.5,27425.518333333333,301.643,Joe Biden,Democratic
1759,April,2023,3.4,27530.055,302.858,Joe Biden,Democratic
1760,May,2023,3.6,27711.652000000002,303.316,Joe Biden,Democratic
1761,June,2023,3.6,27893.249,304.099,Joe Biden,Democratic
1762,July,2023,3.5,28074.846,304.615,Joe Biden,Democratic
1763,August,2023,3.7,28191.471333333335,306.138,Joe Biden,Democratic
1764,September,2023,3.8,28308.096666666668,307.374,Joe Biden,Democratic
1765,October,2023,3.9,28424.722,307.653,Joe Biden,Democratic
1766,November,2023,3.7,28519.201666666668,308.087,Joe Biden,Democratic
1767,December,2023,3.8,28613.681333333334,308.735,Joe Biden,Democratic
1768,January,2024,3.7,28708.161,309.794,Joe Biden,Democratic
1769,February,2024,3.9,28854.455333333335,311.022,Joe Biden,Democratic
1770,March,2024,3.9,29000.749666666667,312.107,Joe Biden,Democratic
1771,April,2024,3.9,29147.044,313.016,Joe Biden,Democratic
1772,May,2024,4.0,29268.584000000003,313.14,Joe Biden,Democratic
1773,June,2024,4.1,29390.124,313.131,Joe Biden,Democratic
1774,July,2024,4.2,29511.664,313.566,Joe Biden,Democratic
1775,August,2024,4.2,29616.170000000002,314.131,Joe Biden,Democratic
1776,September,2024,4.1,29720.676,314.851,Joe Biden,Democratic
1777,October,2024,4.1,29825.182,315.564,Joe Biden,Democratic
1778,November,2024,4.2,29897.492333333335,316.449,Joe Biden,Democratic
1779,December,2024,4.1,29969.802666666666,317.603,Joe Biden,Democratic
1780,January,2025,4.0,30042.113,319.086,Joe Biden,Democratic
1781,January,2025,4.0,30042.113,319.086,Donald Trump,Republican
1782,February,2025,4.1,30189.985,319.775,Donald Trump,Republican
1783,March,2025,4.2,30337.857,319.615,Donald Trump,Republican
1784,April,2025,4.2,30485.729,320.321,Donald Trump,Republican
1785,May,2025,4.2,30485.729,320.58,Donald Trump,Republican
1786,June,2025,4.1,30485.729,321.5,Donald Trump,Republican
1787,July,2025,4.2,30485.729,322.132,Donald Trump,Republican
1788,August,2025,4.3,30485.729,323.364,Donald Trump,Republican
1789,September,2025,4.4,30485.729,324.368,Donald Trump,Republican
